NLKABPSS1XDH5N9XZ, 2009, Chevrolet, 3 Series
PHI2C9AQZCSU1XFQG, 2006, Honda, Altima
TX89RSWW6LB05W2ED, 1996, Ford, C-Class
KP4ZRUSIATI6JU513, 1990, Ford, 3 Series
HC3P8AV1R6IJTJMK5, 2011, Volkswagen, Altima
KI6W5UD6XJE9FCCP2, 1999, Nissan, Golf
R0XP8FRGRDP9Y4CUW, 2012, Volkswagen, A4
37VIF7O2L1PE1HJ2J, 2019, Ford, 3 Series
99993AEF2EWN7QHVH, 2017, Honda, Silverado
ZZ8M9L1B1TWOMTSGV, 2010, Toyota, F-150
26X03LD9LCGS1SKVB, 2000, Volkswagen, Camry
V5Z0LU5CZKGOJPWD0, 1997, Ford, Golf
RCFMKD51NCDMQPU3J, 1993, Audi, F-150
OZQ2353HSCUQRQM5Q, 2011, Toyota, Golf
P3V4YRLPGO0K2F7Q7, 1998, Ford, Silverado
ZPCUM4PLCJ97J24K2, 2010, Chevrolet, A4
AU03BMRWVUZL6ZSSO, 2005, Mercedes-Benz, C-Class
PKL8LPL7RYSVLS4UZ, 2017, Honda, Silverado
FJKYDD3WZ75Y20EAJ, 2016, Honda, Altima
1GMKN41461JP4743J, 2001, Ford, F-150
F1XCSUCJYO12FCYCE, 1996, BMW, Accord
S9RS7M1H7OB2TYD9Y, 2022, Ford, Camry
G8TUTKXL8J4317QX6, 1998, Audi, Altima
AVQPB0DYLF1XQ5TRB, 1999, Ford, Golf
YP49C0BXWUSUUI58B, 2002, Chevrolet, 3 Series
3PSPPB60F7WLM2DVE, 1992, Ford, Silverado
K5OMA9HWLQV6YJGA8, 1998, Toyota, 3 Series
JF1I2IN3FSZGYJA9L, 1999, Audi, Camry
47XVQUIU0A93DA1YB, 2019, BMW, Golf
GM0A3WGDL582ZNYYH, 1999, Toyota, Golf
NYUPUEDSD7MBLWY2C, 2018, Volkswagen, C-Class
FHZTN86I42YYBW7WI, 2013, Chevrolet, F-150
9J6YD3P1K3TASJ8G3, 1992, Chevrolet, A4
MRSE2WSB109O1X8HA, 2012, Chevrolet, C-Class
ACC4ZODF9K70UFPPB, 2021, Honda, Altima
4S29JUBD9QDYIIGQ0, 1992, BMW, Altima
7O2TX977S9C8RF2CJ, 1999, Nissan, Silverado
9G4GHC1IRHCXJ047H, 1996, Ford, Altima
H1HZFLXVN4282KR38, 1990, Chevrolet, 3 Series
SZ3HX7MRVJBEKMVPU, 2016, Volkswagen, Golf
8TDEFZNSIWCRGUALJ, 2004, BMW, Camry
U6AAMQT73NEICW0PZ, 2002, Ford, 3 Series
ANYWOTIRD4P7WE68A, 1990, Volkswagen, Silverado
BOA7DGZ0NF4B80NOF, 2006, Nissan, Silverado
1QAAZN27DXZ8ZEM16, 1993, Nissan, 3 Series
S3AEUYQWFM6EOO4XA, 1992, Chevrolet, 3 Series
RFLVQD3S2A1VMS7MW, 2015, Toyota, F-150
QXQ85T4JDW98H24JA, 2021, Nissan, A4
B18AUEKDLKLBFJR38, 2014, Ford, Silverado
SP5J1YNWMLF3TW9BE, 1990, Toyota, 3 Series